Username, Identifier,First name,Last name, age
booker12,45,Rachel,Booker,34
grey07,32,Laura,Grey,45
johnson81,23,Craig,Johnson,34
jenkins46,23,Mary,Jenkins, 554
smith79,4,Jamie,Smith,23
booker12,4,Rachel,Booker, 34
booker12,5,Rachel,Booker,45
grey07,8,Laura,Grey,45
johnson81,78,Craig,Johnson,787
jenkins46,0,Mary,Jenkins, 878
smith79,8,Jamie,Smith,78
booker12,98,Rachel,Booker, 78
booker12,67,Rachel,Booker,6
grey07,45,Laura,Grey,67
johnson81,67,Craig,Johnson,6
jenkins46,89,Mary,Jenkins, 45
smith79,8,Jamie,Smith,34
booker12,67,Rachel,Booker, 5
booker12,54,Rachel,Booker,34
grey07,232,Laura,Grey,65
johnson81,332,Craig,Johnson,5
jenkins46,4,Mary,Jenkins, 67